,feature,value,model,dataset
4692,ENSG00000122641,3.288234161461752,cBoost,Imputed
308,ENSG00000013810,3.178276920747244,cBoost,Imputed
13614,ENSG00000196091,2.664335788091643,cBoost,Imputed
11761,ENSG00000175063,2.647355862602999,cBoost,Imputed
13228,ENSG00000186340,2.4660467465611062,cBoost,Imputed
10662,ENSG00000168397,2.323739399682735,cBoost,Imputed
2348,ENSG00000101997,2.245596822333893,cBoost,Imputed
3637,ENSG00000112699,2.1954333426952655,cBoost,Imputed
8225,ENSG00000151725,2.1941483009009857,cBoost,Imputed
7737,ENSG00000146674,2.1545131687647094,cBoost,Imputed
12633,ENSG00000182492,2.0028327918912048,cBoost,Imputed
3669,ENSG00000112984,1.8131751752342562,cBoost,Imputed
7922,ENSG00000148358,1.742012570800971,cBoost,Imputed
1589,ENSG00000087586,1.7064776085218758,cBoost,Imputed
8495,ENSG00000154330,1.6852451833954725,cBoost,Imputed
5683,ENSG00000131747,1.672165204569744,cBoost,Imputed
12707,ENSG00000182983,1.5441493484440365,cBoost,Imputed
8198,ENSG00000151503,1.3287940074140627,cBoost,Imputed
15190,ENSG00000263639,1.241785226787986,cBoost,Imputed
874,ENSG00000066135,1.1897294263971858,cBoost,Imputed
13144,ENSG00000185808,1.1518062581197406,cBoost,Imputed
2338,ENSG00000101938,1.0954098972380841,cBoost,Imputed
625,ENSG00000051341,1.0763942059230682,cBoost,Imputed
10738,ENSG00000168811,1.0643363977573694,cBoost,Imputed
8743,ENSG00000156970,1.048303010299433,cBoost,Imputed
3515,ENSG00000111845,1.0297507820879048,cBoost,Imputed
1553,ENSG00000086991,0.9805624765431538,cBoost,Imputed
14435,ENSG00000205364,0.9659295124054986,cBoost,Imputed
3716,ENSG00000113448,0.9527800561099361,cBoost,Imputed
13842,ENSG00000197208,0.9055510659725967,cBoost,Imputed
10180,ENSG00000166105,0.884306980164439,cBoost,Imputed
3453,ENSG00000111445,0.8441701939700245,cBoost,Imputed
9194,ENSG00000161381,0.8208868898056854,cBoost,Imputed
10515,ENSG00000167700,0.817790102128666,cBoost,Imputed
1427,ENSG00000082556,0.8170640597342476,cBoost,Imputed
4308,ENSG00000118655,0.7975273226085682,cBoost,Imputed
14981,ENSG00000243649,0.7902859512468076,cBoost,Imputed
3166,ENSG00000108592,0.7805014367477863,cBoost,Imputed
6205,ENSG00000135476,0.7796124166691839,cBoost,Imputed
1074,ENSG00000072133,0.7715314885252894,cBoost,Imputed
2623,ENSG00000104435,0.7700307888379404,cBoost,Imputed
7621,ENSG00000145721,0.7601149272126362,cBoost,Imputed
2981,ENSG00000106723,0.7514324541786763,cBoost,Imputed
12702,ENSG00000182957,0.7394928402733154,cBoost,Imputed
1424,ENSG00000082512,0.7077099010454291,cBoost,Imputed
10271,ENSG00000166439,0.7030291382092944,cBoost,Imputed
15142,ENSG00000258947,0.6351510786684833,cBoost,Imputed
10907,ENSG00000169750,0.628535837515257,cBoost,Imputed
9220,ENSG00000161791,0.6162768336426883,cBoost,Imputed
11756,ENSG00000174996,0.6041135204296665,cBoost,Imputed
4110,ENSG00000116745,0.5899072516326719,cBoost,Imputed
4931,ENSG00000124721,0.5889780707384601,cBoost,Imputed
11002,ENSG00000170310,0.5825335738052073,cBoost,Imputed
8065,ENSG00000149679,0.5810274188406126,cBoost,Imputed
6168,ENSG00000135318,0.5690530343178515,cBoost,Imputed
7012,ENSG00000140678,0.5648492980667555,cBoost,Imputed
14947,ENSG00000242173,0.5604310170707641,cBoost,Imputed
13450,ENSG00000188177,0.5572235063199747,cBoost,Imputed
8101,ENSG00000150459,0.5523531490965428,cBoost,Imputed
4071,ENSG00000116350,0.5414449469795176,cBoost,Imputed
7481,ENSG00000144524,0.5369131775068275,cBoost,Imputed
10015,ENSG00000165271,0.5201365076415595,cBoost,Imputed
14736,ENSG00000225826,0.5190986651164979,cBoost,Imputed
3880,ENSG00000115073,0.5176192643809188,cBoost,Imputed
5868,ENSG00000133104,0.5125505703040303,cBoost,Imputed
8429,ENSG00000153827,0.5099263055779026,cBoost,Imputed
3958,ENSG00000115520,0.5002555456621073,cBoost,Imputed
12472,ENSG00000181045,0.4945289995151437,cBoost,Imputed
9797,ENSG00000164292,0.48541479879630123,cBoost,Imputed
9292,ENSG00000162402,0.4797418375881724,cBoost,Imputed
4552,ENSG00000120915,0.4735240591134221,cBoost,Imputed
8689,ENSG00000156463,0.46631875747466606,cBoost,Imputed
9440,ENSG00000163017,0.46550257415405843,cBoost,Imputed
1878,ENSG00000097096,0.4597141461214919,cBoost,Imputed
1876,ENSG00000097033,0.45902670911890886,cBoost,Imputed
13776,ENSG00000196865,0.4537045985626819,cBoost,Imputed
2598,ENSG00000104313,0.44789581957624036,cBoost,Imputed
14525,ENSG00000213066,0.446686539123727,cBoost,Imputed
2998,ENSG00000106927,0.44364692798261945,cBoost,Imputed
6417,ENSG00000136770,0.43867391910282316,cBoost,Imputed
13250,ENSG00000186479,0.4341420267614521,cBoost,Imputed
14738,ENSG00000225921,0.4287783944995182,cBoost,Imputed
3931,ENSG00000115361,0.42802153136970245,cBoost,Imputed
14313,ENSG00000204231,0.4236748194263108,cBoost,Imputed
10289,ENSG00000166508,0.42127228521005367,cBoost,Imputed
10585,ENSG00000167995,0.42050053425148437,cBoost,Imputed
14559,ENSG00000213619,0.40836811969293946,cBoost,Imputed
7201,ENSG00000142484,0.39738639300103257,cBoost,Imputed
8476,ENSG00000154217,0.38878029409180637,cBoost,Imputed
14949,ENSG00000242221,0.37610313071632956,cBoost,Imputed
13818,ENSG00000197081,0.37091081060213205,cBoost,Imputed
5507,ENSG00000130508,0.37015009010010685,cBoost,Imputed
7864,ENSG00000147724,0.3542703703743894,cBoost,Imputed
5005,ENSG00000125485,0.35301801458962623,cBoost,Imputed
7521,ENSG00000144810,0.3432501583728526,cBoost,Imputed
8921,ENSG00000158813,0.3378921656124794,cBoost,Imputed
11202,ENSG00000171396,0.3349997901208375,cBoost,Imputed
11530,ENSG00000173335,0.31360227914369615,cBoost,Imputed
5512,ENSG00000130522,0.3132030979925675,cBoost,Imputed
5040,ENSG00000125746,0.3078242217316479,cBoost,Imputed
1636,ENSG00000089057,0.30336455180931327,cBoost,Imputed
9555,ENSG00000163528,0.2922988159340576,cBoost,Imputed
6895,ENSG00000139687,0.2910408801894654,cBoost,Imputed
15251,ENSG00000272523,0.2891114985346528,cBoost,Imputed
1330,ENSG00000079482,0.28518680930471285,cBoost,Imputed
381,ENSG00000023445,0.28486948638526877,cBoost,Imputed
10199,ENSG00000166165,0.28272137134488456,cBoost,Imputed
6408,ENSG00000136717,0.2740958743522607,cBoost,Imputed
2126,ENSG00000100614,0.26977723448851887,cBoost,Imputed
11880,ENSG00000175906,0.255793696364588,cBoost,Imputed
1811,ENSG00000094804,0.25523852905294525,cBoost,Imputed
2382,ENSG00000102239,0.25325218520405796,cBoost,Imputed
648,ENSG00000053918,0.2451129642499278,cBoost,Imputed
6270,ENSG00000135900,0.2434177284933525,cBoost,Imputed
14343,ENSG00000204469,0.23602333090134245,cBoost,Imputed
6257,ENSG00000135823,0.23232793238705876,cBoost,Imputed
11497,ENSG00000173156,0.2258768623377773,cBoost,Imputed
697,ENSG00000057294,0.22214508398828636,cBoost,Imputed
6460,ENSG00000136932,0.21838558044575343,cBoost,Imputed
7178,ENSG00000142188,0.21770948833308534,cBoost,Imputed
9272,ENSG00000162267,0.21629441816773665,cBoost,Imputed
12451,ENSG00000180900,0.20818771592049692,cBoost,Imputed
12139,ENSG00000178172,0.20047928286473488,cBoost,Imputed
10905,ENSG00000169740,0.19965764327638624,cBoost,Imputed
1515,ENSG00000085831,0.19877586306113842,cBoost,Imputed
4617,ENSG00000121807,0.19507046181243254,cBoost,Imputed
548,ENSG00000046651,0.19313009164823927,cBoost,Imputed
7656,ENSG00000145919,0.18986895834823478,cBoost,Imputed
6818,ENSG00000139178,0.18470279193791858,cBoost,Imputed
9148,ENSG00000160877,0.18372012472511587,cBoost,Imputed
14799,ENSG00000231419,0.17480191897689082,cBoost,Imputed
14224,ENSG00000198934,0.17215824023324816,cBoost,Imputed
14684,ENSG00000221855,0.17126546059593178,cBoost,Imputed
1257,ENSG00000077463,0.16944599837149896,cBoost,Imputed
3475,ENSG00000111665,0.16416023142136885,cBoost,Imputed
9830,ENSG00000164404,0.1615106022232207,cBoost,Imputed
8381,ENSG00000153162,0.15559302420208865,cBoost,Imputed
11309,ENSG00000171873,0.15143349773522632,cBoost,Imputed
8631,ENSG00000155961,0.15142481669863886,cBoost,Imputed
14905,ENSG00000239810,0.15115580800604866,cBoost,Imputed
13765,ENSG00000196792,0.1486026537830655,cBoost,Imputed
9438,ENSG00000163012,0.13591043587176774,cBoost,Imputed
10390,ENSG00000167074,0.13467476469831452,cBoost,Imputed
5100,ENSG00000125995,0.13244415979235077,cBoost,Imputed
14302,ENSG00000204147,0.12759706358226533,cBoost,Imputed
1760,ENSG00000091879,0.12174940185784415,cBoost,Imputed
11661,ENSG00000174326,0.11930430191694842,cBoost,Imputed
4151,ENSG00000117013,0.10730913859596362,cBoost,Imputed
6677,ENSG00000138162,0.10285549227133667,cBoost,Imputed
787,ENSG00000064102,0.07745595888874096,cBoost,Imputed
6591,ENSG00000137764,0.07587524867671233,cBoost,Imputed
10466,ENSG00000167522,0.0731393977023665,cBoost,Imputed
10567,ENSG00000167925,0.07148646173008612,cBoost,Imputed
15326,ENSG00000068985,0.06390508256401319,cBoost,Imputed
9,ENSG00000001167,0.058942612486541486,cBoost,Imputed
13829,ENSG00000197128,0.05406970846523457,cBoost,Imputed
15276,ENSG00000275052,0.052680459621470936,cBoost,Imputed
14100,ENSG00000198585,0.051024948546753296,cBoost,Imputed
13820,ENSG00000197102,0.040413249914916606,cBoost,Imputed
13850,ENSG00000197261,0.03757024595365812,cBoost,Imputed
931,ENSG00000067900,0.017313272145085733,cBoost,Imputed
13072,ENSG00000185324,0.005824688287240765,cBoost,Imputed
2,GLEASON_SCORE,2.787274910771867,cBoost,pData_Imputed
5687,ENSG00000131747,2.350688235554749,cBoost,pData_Imputed
3720,ENSG00000113448,2.2806518372624383,cBoost,pData_Imputed
1144,ENSG00000074181,2.069206378384654,cBoost,pData_Imputed
5377,ENSG00000129173,1.8551049966188555,cBoost,pData_Imputed
619,ENSG00000050555,1.794904654700703,cBoost,pData_Imputed
3208,ENSG00000108924,1.7689987627101156,cBoost,pData_Imputed
10696,ENSG00000168542,1.5474964682996115,cBoost,pData_Imputed
4241,ENSG00000117724,1.5300025529276482,cBoost,pData_Imputed
7625,ENSG00000145721,1.4619390460295636,cBoost,pData_Imputed
13471,ENSG00000188322,1.4536045184071291,cBoost,pData_Imputed
2815,ENSG00000105664,1.3657619598069515,cBoost,pData_Imputed
7361,ENSG00000143546,1.3495681447453598,cBoost,pData_Imputed
3052,ENSG00000107560,1.3052403912077257,cBoost,pData_Imputed
8206,ENSG00000151572,1.2711370818063246,cBoost,pData_Imputed
7809,ENSG00000147256,1.2691864274193059,cBoost,pData_Imputed
260,ENSG00000011243,1.2135398810833982,cBoost,pData_Imputed
4997,ENSG00000125409,1.2084751015694875,cBoost,pData_Imputed
6172,ENSG00000135318,1.1900994682004964,cBoost,pData_Imputed
7741,ENSG00000146674,1.1891065337694402,cBoost,pData_Imputed
11311,ENSG00000171867,1.1731841480357204,cBoost,pData_Imputed
1252,ENSG00000077254,1.1176696646862745,cBoost,pData_Imputed
8706,ENSG00000156521,1.1125130115119723,cBoost,pData_Imputed
4917,ENSG00000124587,1.1101244863048738,cBoost,pData_Imputed
1105,ENSG00000072858,1.0655192859728957,cBoost,pData_Imputed
5948,ENSG00000133895,1.0526199192437011,cBoost,pData_Imputed
6605,ENSG00000137809,1.0078146531949939,cBoost,pData_Imputed
12711,ENSG00000182983,0.9884813436296912,cBoost,pData_Imputed
908,ENSG00000067066,0.9813873261670792,cBoost,pData_Imputed
11408,ENSG00000172500,0.933914910332699,cBoost,pData_Imputed
6174,ENSG00000135333,0.9337373635326846,cBoost,pData_Imputed
11786,ENSG00000175198,0.9238486115972802,cBoost,pData_Imputed
14082,ENSG00000198478,0.8891058221527572,cBoost,pData_Imputed
2934,ENSG00000106367,0.870072873270161,cBoost,pData_Imputed
2800,ENSG00000105576,0.8228562092533949,cBoost,pData_Imputed
8330,ENSG00000152661,0.8068071763532437,cBoost,pData_Imputed
14003,ENSG00000198055,0.7943346622907216,cBoost,pData_Imputed
10500,ENSG00000167617,0.7817966764285426,cBoost,pData_Imputed
397,ENSG00000024526,0.7773426676924072,cBoost,pData_Imputed
9460,ENSG00000163110,0.7772611097136004,cBoost,pData_Imputed
3197,ENSG00000108821,0.7755571534437324,cBoost,pData_Imputed
5009,ENSG00000125485,0.7719273493995957,cBoost,pData_Imputed
13846,ENSG00000197208,0.7667941845553303,cBoost,pData_Imputed
11765,ENSG00000175063,0.7571510431466846,cBoost,pData_Imputed
6015,ENSG00000134291,0.7448447480543086,cBoost,pData_Imputed
3264,ENSG00000109472,0.7242748964431364,cBoost,pData_Imputed
4787,ENSG00000123485,0.7194213337505277,cBoost,pData_Imputed
2347,ENSG00000101966,0.7114143826465288,cBoost,pData_Imputed
317,ENSG00000014257,0.7002961507412837,cBoost,pData_Imputed
6529,ENSG00000137310,0.6819334261870763,cBoost,pData_Imputed
597,ENSG00000049246,0.6816537429718251,cBoost,pData_Imputed
9687,ENSG00000163939,0.6667231718672809,cBoost,pData_Imputed
14142,ENSG00000198734,0.6658961071580881,cBoost,pData_Imputed
5037,ENSG00000125731,0.6586994140063499,cBoost,pData_Imputed
2213,ENSG00000101146,0.6519111437356734,cBoost,pData_Imputed
13707,ENSG00000196482,0.6458050122895068,cBoost,pData_Imputed
12364,ENSG00000180016,0.6328589626797392,cBoost,pData_Imputed
4970,ENSG00000125144,0.6196324182022862,cBoost,pData_Imputed
2626,ENSG00000104432,0.6191554912822336,cBoost,pData_Imputed
5365,ENSG00000129071,0.6189831113137325,cBoost,pData_Imputed
1593,ENSG00000087586,0.6164679280888277,cBoost,pData_Imputed
13790,ENSG00000196924,0.611790181312264,cBoost,pData_Imputed
6918,ENSG00000139874,0.6060625459270401,cBoost,pData_Imputed
7881,ENSG00000147883,0.6029039107308295,cBoost,pData_Imputed
1617,ENSG00000088766,0.5839355979110673,cBoost,pData_Imputed
2627,ENSG00000104435,0.5813942276772447,cBoost,pData_Imputed
5875,ENSG00000133107,0.5751818787367831,cBoost,pData_Imputed
531,ENSG00000042753,0.5713783127745479,cBoost,pData_Imputed
4603,ENSG00000121621,0.5656078855463702,cBoost,pData_Imputed
1180,ENSG00000075218,0.5640996918576967,cBoost,pData_Imputed
969,ENSG00000068976,0.548905649490867,cBoost,pData_Imputed
1621,ENSG00000088826,0.5250908037441319,cBoost,pData_Imputed
12467,ENSG00000180998,0.5219068468375998,cBoost,pData_Imputed
5181,ENSG00000126878,0.5197413215071376,cBoost,pData_Imputed
13608,ENSG00000189376,0.5146110766935227,cBoost,pData_Imputed
9226,ENSG00000161800,0.5070945580426064,cBoost,pData_Imputed
2666,ENSG00000104824,0.49780222030434457,cBoost,pData_Imputed
6431,ENSG00000136826,0.48608802346796937,cBoost,pData_Imputed
442,ENSG00000031081,0.48491398868749047,cBoost,pData_Imputed
11380,ENSG00000172345,0.4837549040642953,cBoost,pData_Imputed
1889,ENSG00000099250,0.4800285999382539,cBoost,pData_Imputed
12314,ENSG00000179593,0.4785523606963409,cBoost,pData_Imputed
436,ENSG00000029993,0.461936820209544,cBoost,pData_Imputed
3611,ENSG00000112406,0.4519281603303244,cBoost,pData_Imputed
12029,ENSG00000177202,0.45047072160191487,cBoost,pData_Imputed
8252,ENSG00000151929,0.4261449863282984,cBoost,pData_Imputed
2945,ENSG00000106459,0.4218606736991861,cBoost,pData_Imputed
14853,ENSG00000235665,0.40780544197520274,cBoost,pData_Imputed
3520,ENSG00000111846,0.4044807393861546,cBoost,pData_Imputed
1215,ENSG00000076067,0.3999846680938713,cBoost,pData_Imputed
13365,ENSG00000187446,0.3993390990377379,cBoost,pData_Imputed
9891,ENSG00000164684,0.3941005340041882,cBoost,pData_Imputed
245,ENSG00000010704,0.3913996450733178,cBoost,pData_Imputed
4779,ENSG00000123415,0.3895598364350412,cBoost,pData_Imputed
7291,ENSG00000143226,0.3756951189859298,cBoost,pData_Imputed
2581,ENSG00000104081,0.3755161545934436,cBoost,pData_Imputed
13584,ENSG00000189164,0.3702699641758579,cBoost,pData_Imputed
385,ENSG00000023445,0.3657591688093548,cBoost,pData_Imputed
12950,ENSG00000184557,0.36065226871970857,cBoost,pData_Imputed
14126,ENSG00000198682,0.3528350516255331,cBoost,pData_Imputed
4562,ENSG00000120963,0.3502263063535066,cBoost,pData_Imputed
7640,ENSG00000145819,0.3462809571572737,cBoost,pData_Imputed
11219,ENSG00000171450,0.343350262446511,cBoost,pData_Imputed
14270,ENSG00000203857,0.33469335410924184,cBoost,pData_Imputed
12773,ENSG00000183421,0.3177853619411094,cBoost,pData_Imputed
8254,ENSG00000151952,0.3160935301676248,cBoost,pData_Imputed
7457,ENSG00000144306,0.315188219130434,cBoost,pData_Imputed
13163,ENSG00000185896,0.3143699480023789,cBoost,pData_Imputed
1859,ENSG00000096060,0.3120050622583639,cBoost,pData_Imputed
3436,ENSG00000111275,0.30915864952067557,cBoost,pData_Imputed
5390,ENSG00000129295,0.30839481484340026,cBoost,pData_Imputed
3246,ENSG00000109208,0.3073948641328057,cBoost,pData_Imputed
13933,ENSG00000197705,0.3016962633161194,cBoost,pData_Imputed
1557,ENSG00000086991,0.29739695347944584,cBoost,pData_Imputed
1062,ENSG00000071655,0.2967298203773071,cBoost,pData_Imputed
14618,ENSG00000214595,0.29430808930876146,cBoost,pData_Imputed
6637,ENSG00000137965,0.2886592440074669,cBoost,pData_Imputed
6400,ENSG00000136630,0.2872566037027087,cBoost,pData_Imputed
6297,ENSG00000135972,0.2859033138280688,cBoost,pData_Imputed
11210,ENSG00000171408,0.27511894990407804,cBoost,pData_Imputed
1082,ENSG00000072210,0.27474314810232764,cBoost,pData_Imputed
7371,ENSG00000143590,0.2736316615623573,cBoost,pData_Imputed
1606,ENSG00000088325,0.2730200909565349,cBoost,pData_Imputed
13305,ENSG00000186871,0.2707728049314959,cBoost,pData_Imputed
9862,ENSG00000164576,0.2704753641874232,cBoost,pData_Imputed
9136,ENSG00000160766,0.2642608937701004,cBoost,pData_Imputed
4771,ENSG00000123364,0.26133858359625806,cBoost,pData_Imputed
1282,ENSG00000078098,0.2586203553861733,cBoost,pData_Imputed
6092,ENSG00000134815,0.2462408543914708,cBoost,pData_Imputed
15495,ENSG00000275489,0.24573411916470825,cBoost,pData_Imputed
6886,ENSG00000139629,0.23452548677030544,cBoost,pData_Imputed
1919,ENSG00000099810,0.22168047748685626,cBoost,pData_Imputed
11575,ENSG00000173598,0.2214576637332159,cBoost,pData_Imputed
11700,ENSG00000174586,0.2207328766161278,cBoost,pData_Imputed
9474,ENSG00000163202,0.2206254497067645,cBoost,pData_Imputed
2418,ENSG00000102554,0.2205791881298678,cBoost,pData_Imputed
2916,ENSG00000106268,0.21385940472534334,cBoost,pData_Imputed
2411,ENSG00000102468,0.2122508733944925,cBoost,pData_Imputed
3517,ENSG00000111837,0.210528115201368,cBoost,pData_Imputed
6867,ENSG00000139505,0.20586953250789425,cBoost,pData_Imputed
3282,ENSG00000109689,0.20449303257101994,cBoost,pData_Imputed
11417,ENSG00000172572,0.2013901656735742,cBoost,pData_Imputed
3095,ENSG00000107937,0.19899210977617388,cBoost,pData_Imputed
14194,ENSG00000198858,0.19765732657831223,cBoost,pData_Imputed
13738,ENSG00000196628,0.19742800300181548,cBoost,pData_Imputed
7721,ENSG00000146411,0.1933657985724649,cBoost,pData_Imputed
7549,ENSG00000145012,0.18993210253107468,cBoost,pData_Imputed
8198,ENSG00000151491,0.1865582417598182,cBoost,pData_Imputed
9915,ENSG00000164794,0.1728730723476346,cBoost,pData_Imputed
12341,ENSG00000179869,0.16849381438785394,cBoost,pData_Imputed
8845,ENSG00000158006,0.16097752336660204,cBoost,pData_Imputed
11560,ENSG00000173530,0.1592167954086579,cBoost,pData_Imputed
2029,ENSG00000100281,0.15328923875013026,cBoost,pData_Imputed
9064,ENSG00000160207,0.15265588372656705,cBoost,pData_Imputed
6139,ENSG00000135097,0.15057772514776557,cBoost,pData_Imputed
7184,ENSG00000142197,0.1465645322634478,cBoost,pData_Imputed
14285,ENSG00000203965,0.14314297978369367,cBoost,pData_Imputed
10943,ENSG00000169919,0.1398955830500511,cBoost,pData_Imputed
11762,ENSG00000175040,0.13918242172537737,cBoost,pData_Imputed
14890,ENSG00000237984,0.13149255853686662,cBoost,pData_Imputed
6132,ENSG00000135069,0.12844748155243016,cBoost,pData_Imputed
4390,ENSG00000119608,0.1282329585177561,cBoost,pData_Imputed
9552,ENSG00000163515,0.12469918431613063,cBoost,pData_Imputed
6999,ENSG00000140527,0.09818560148534246,cBoost,pData_Imputed
11126,ENSG00000170927,0.09428585743727513,cBoost,pData_Imputed
9092,ENSG00000160326,0.09053425824313793,cBoost,pData_Imputed
4696,ENSG00000122641,0.08559888858401962,cBoost,pData_Imputed
7523,ENSG00000144791,0.08331175329383925,cBoost,pData_Imputed
8493,ENSG00000154277,0.07725723004668057,cBoost,pData_Imputed
7592,ENSG00000145390,0.07377138709282469,cBoost,pData_Imputed
9843,ENSG00000164463,0.06359648518781406,cBoost,pData_Imputed
9643,ENSG00000163795,0.06259309705229156,cBoost,pData_Imputed
7045,ENSG00000140961,0.05399645289782464,cBoost,pData_Imputed
4176,ENSG00000117228,0.04953355897262801,cBoost,pData_Imputed
14567,ENSG00000213676,0.04015971910379059,cBoost,pData_Imputed
3418,ENSG00000111196,0.036208065758129786,cBoost,pData_Imputed
4844,ENSG00000124159,0.03126502890208658,cBoost,pData_Imputed
6981,ENSG00000140443,0.029754595245719023,cBoost,pData_Imputed
13411,ENSG00000187801,0.025148937343451538,cBoost,pData_Imputed
15318,ENSG00000282608,0.025006554734615032,cBoost,pData_Imputed
7915,ENSG00000148300,0.021960953035553933,cBoost,pData_Imputed
12221,ENSG00000178904,0.02078617195789252,cBoost,pData_Imputed
3090,ENSG00000107882,0.020165274334226484,cBoost,pData_Imputed
4275,ENSG00000122641,8.360796939586672,cBoost,Intersection
10519,ENSG00000175063,5.179229586500369,cBoost,Intersection
1185,ENSG00000078098,4.072355884758011,cBoost,Intersection
1469,ENSG00000087586,3.5625965324146045,cBoost,Intersection
13181,ENSG00000273706,2.995244732089836,cBoost,Intersection
3121,ENSG00000111206,2.8092485830623124,cBoost,Intersection
10730,ENSG00000177058,2.734732409623933,cBoost,Intersection
3858,ENSG00000117594,2.6247820817454324,cBoost,Intersection
1481,ENSG00000088325,2.480182959724945,cBoost,Intersection
8465,ENSG00000162891,2.397719258524641,cBoost,Intersection
2012,ENSG00000100994,2.3091499307457477,cBoost,Intersection
5167,ENSG00000131747,2.291672089353545,cBoost,Intersection
6983,ENSG00000146477,2.1468550699160653,cBoost,Intersection
11025,ENSG00000180011,2.1362433795942453,cBoost,Intersection
1156,ENSG00000077254,1.9958702785078712,cBoost,Intersection
9819,ENSG00000170035,1.9137454964981657,cBoost,Intersection
3395,ENSG00000113448,1.8833948388911224,cBoost,Intersection
9602,ENSG00000168765,1.795271122316738,cBoost,Intersection
7664,ENSG00000154330,1.7731207405056737,cBoost,Intersection
8252,ENSG00000160991,1.651718153170972,cBoost,Intersection
6892,ENSG00000145721,1.61156959079757,cBoost,Intersection
5483,ENSG00000134443,1.5505927676216318,cBoost,Intersection
8782,ENSG00000164185,1.4634079576097925,cBoost,Intersection
6159,ENSG00000139044,1.459666892453685,cBoost,Intersection
4697,ENSG00000126733,1.4332190677666183,cBoost,Intersection
1744,ENSG00000099260,1.431059370157371,cBoost,Intersection
40,ENSG00000004468,1.3422443683066254,cBoost,Intersection
12313,ENSG00000197555,1.3225432495303397,cBoost,Intersection
5796,ENSG00000136546,1.3069887308812647,cBoost,Intersection
6660,ENSG00000143553,1.2656881039084784,cBoost,Intersection
1046,ENSG00000073849,1.142932832891603,cBoost,Intersection
9667,ENSG00000169122,1.1212074554384066,cBoost,Intersection
2103,ENSG00000101473,1.0160219879976287,cBoost,Intersection
12036,ENSG00000189143,0.9999192765767602,cBoost,Intersection
10482,ENSG00000174776,0.9860598044928305,cBoost,Intersection
7472,ENSG00000152229,0.9850721364906719,cBoost,Intersection
5302,ENSG00000132840,0.9590853547372304,cBoost,Intersection
938,ENSG00000070540,0.9109560330835105,cBoost,Intersection
10141,ENSG00000171936,0.9020434570708298,cBoost,Intersection
8810,ENSG00000164307,0.8886506000840201,cBoost,Intersection
8767,ENSG00000164142,0.8458170035133972,cBoost,Intersection
4814,ENSG00000128272,0.8321835146833271,cBoost,Intersection
5366,ENSG00000133422,0.8261045928031654,cBoost,Intersection
5766,ENSG00000136319,0.8169201067652138,cBoost,Intersection
3891,ENSG00000118113,0.8140770341195095,cBoost,Intersection
6056,ENSG00000138190,0.8094348097793028,cBoost,Intersection
6295,ENSG00000140259,0.8080639471590142,cBoost,Intersection
7263,ENSG00000149534,0.7624732593746247,cBoost,Intersection
9963,ENSG00000170921,0.7613364024144235,cBoost,Intersection
10484,ENSG00000174788,0.6661662136339147,cBoost,Intersection
12029,ENSG00000189079,0.6300920989885829,cBoost,Intersection
13024,ENSG00000242173,0.6046505834140896,cBoost,Intersection
3471,ENSG00000114302,0.5898890136858127,cBoost,Intersection
11309,ENSG00000182973,0.5879551607514049,cBoost,Intersection
6553,ENSG00000142798,0.5659962903822808,cBoost,Intersection
11092,ENSG00000180773,0.5287346850049165,cBoost,Intersection
11109,ENSG00000180900,0.5286792825511253,cBoost,Intersection
8607,ENSG00000163577,0.48537558073354947,cBoost,Intersection
4802,ENSG00000128052,0.48000248296121784,cBoost,Intersection
2739,ENSG00000106948,0.4542948660933118,cBoost,Intersection
3256,ENSG00000112186,0.45057780874525166,cBoost,Intersection
4732,ENSG00000127184,0.4467231621155996,cBoost,Intersection
5465,ENSG00000134313,0.42658942587839305,cBoost,Intersection
5791,ENSG00000136527,0.4192757577899261,cBoost,Intersection
11321,ENSG00000183035,0.4022233584623279,cBoost,Intersection
12455,ENSG00000198435,0.36140638627549593,cBoost,Intersection
3817,ENSG00000117226,0.34174179795751986,cBoost,Intersection
3211,ENSG00000111817,0.32283076397340454,cBoost,Intersection
9450,ENSG00000167874,0.2987231464802703,cBoost,Intersection
11924,ENSG00000188064,0.2759430198064105,cBoost,Intersection
2995,ENSG00000109689,0.24614046697924366,cBoost,Intersection
3132,ENSG00000111261,0.23049870377768833,cBoost,Intersection
8685,ENSG00000163873,0.1881039724515704,cBoost,Intersection
7322,ENSG00000150625,0.17696251800138113,cBoost,Intersection
8774,ENSG00000164168,0.17607019734854437,cBoost,Intersection
9217,ENSG00000166501,0.1686504255883656,cBoost,Intersection
10982,ENSG00000179593,0.14623853069213974,cBoost,Intersection
9785,ENSG00000169876,0.1319645124415853,cBoost,Intersection
4151,ENSG00000120937,0.12105717414660994,cBoost,Intersection
2651,ENSG00000106144,0.057172836848301115,cBoost,Intersection
2,GLEASON_SCORE,70.59015318438475,cBoost,pData
0,TISSUE,18.63595949715583,cBoost,pData
3,PRE_OPERATIVE_PSA,8.195472314237046,cBoost,pData
1,AGE,2.5784150042224017,cBoost,pData
1057,ENSG00000074181,4.316494156968631,cBoost,pData_Intersection
2,GLEASON_SCORE,3.620034500695997,cBoost,pData_Intersection
6958,ENSG00000146205,2.3745544545252635,cBoost,pData_Intersection
3356,ENSG00000112984,2.0236735486972197,cBoost,pData_Intersection
8307,ENSG00000161800,1.8445360796967045,cBoost,pData_Intersection
5950,ENSG00000137558,1.72269431375503,cBoost,pData_Intersection
6896,ENSG00000145721,1.5434939086897181,cBoost,pData_Intersection
2928,ENSG00000108924,1.5058436208744852,cBoost,pData_Intersection
2697,ENSG00000106483,1.4367427590917565,cBoost,pData_Intersection
7879,ENSG00000156970,1.432358102382455,cBoost,pData_Intersection
12746,ENSG00000205221,1.3892049150192185,cBoost,pData_Intersection
3399,ENSG00000113448,1.308222277627868,cBoost,pData_Intersection
2575,ENSG00000105664,1.2924952966902825,cBoost,pData_Intersection
5454,ENSG00000134250,1.2634114058595702,cBoost,pData_Intersection
3839,ENSG00000117419,1.2613964883939055,cBoost,pData_Intersection
1854,ENSG00000100219,1.2435780733199948,cBoost,pData_Intersection
7412,ENSG00000151503,1.1973032144821283,cBoost,pData_Intersection
3833,ENSG00000117399,1.1753184884408832,cBoost,pData_Intersection
10136,ENSG00000171862,1.1272303057058686,cBoost,pData_Intersection
6605,ENSG00000143294,1.0603157767619038,cBoost,pData_Intersection
6661,ENSG00000143546,0.9818289255831018,cBoost,pData_Intersection
9680,ENSG00000169180,0.9505537616652218,cBoost,pData_Intersection
3438,ENSG00000113805,0.9144110055888978,cBoost,pData_Intersection
2235,ENSG00000102755,0.9142392033426141,cBoost,pData_Intersection
8807,ENSG00000164292,0.9137970461852416,cBoost,pData_Intersection
11744,ENSG00000186340,0.8966010957653096,cBoost,pData_Intersection
5730,ENSG00000136100,0.8950717088236225,cBoost,pData_Intersection
9752,ENSG00000169607,0.8638860672257105,cBoost,pData_Intersection
4611,ENSG00000125834,0.8549009699413215,cBoost,pData_Intersection
8280,ENSG00000161328,0.8441491020611621,cBoost,pData_Intersection
3068,ENSG00000110492,0.8190988407124334,cBoost,pData_Intersection
10986,ENSG00000179593,0.8043222780691622,cBoost,pData_Intersection
2703,ENSG00000106538,0.8042465816995804,cBoost,pData_Intersection
4249,ENSG00000122218,0.7901065258785066,cBoost,pData_Intersection
7468,ENSG00000152137,0.7819807833870208,cBoost,pData_Intersection
9539,ENSG00000168310,0.7766440541530502,cBoost,pData_Intersection
5808,ENSG00000136636,0.7652045206615503,cBoost,pData_Intersection
11315,ENSG00000182983,0.7645994852001025,cBoost,pData_Intersection
6211,ENSG00000139354,0.763646242291351,cBoost,pData_Intersection
10411,ENSG00000174038,0.7557548800084677,cBoost,pData_Intersection
7668,ENSG00000154330,0.7076644886859164,cBoost,pData_Intersection
12537,ENSG00000198792,0.6712822604629968,cBoost,pData_Intersection
11264,ENSG00000182552,0.6600425809839879,cBoost,pData_Intersection
2373,ENSG00000104147,0.6598568106168227,cBoost,pData_Intersection
7833,ENSG00000156463,0.6576338894059466,cBoost,pData_Intersection
5068,ENSG00000130827,0.653876292653724,cBoost,pData_Intersection
8771,ENSG00000164142,0.647970139967245,cBoost,pData_Intersection
9670,ENSG00000169118,0.6457185303229062,cBoost,pData_Intersection
2917,ENSG00000108821,0.6416372862420034,cBoost,pData_Intersection
1992,ENSG00000100842,0.6293660552325656,cBoost,pData_Intersection
8700,ENSG00000163909,0.6193385329065857,cBoost,pData_Intersection
3806,ENSG00000117069,0.6178552807709098,cBoost,pData_Intersection
9244,ENSG00000166685,0.6159326803464582,cBoost,pData_Intersection
5356,ENSG00000133243,0.6137599221335013,cBoost,pData_Intersection
9715,ENSG00000169371,0.6102259384860721,cBoost,pData_Intersection
13095,ENSG00000253729,0.6086899307225262,cBoost,pData_Intersection
10442,ENSG00000174371,0.6015430982995875,cBoost,pData_Intersection
11266,ENSG00000182568,0.5947912956374719,cBoost,pData_Intersection
6235,ENSG00000139618,0.5904225012394073,cBoost,pData_Intersection
9500,ENSG00000168079,0.582037828248291,cBoost,pData_Intersection
1717,ENSG00000096060,0.5702055695276785,cBoost,pData_Intersection
6159,ENSG00000138834,0.5678552266851894,cBoost,pData_Intersection
10542,ENSG00000175198,0.5550989915591019,cBoost,pData_Intersection
884,ENSG00000068654,0.549514386979019,cBoost,pData_Intersection
9858,ENSG00000170312,0.5419500318113453,cBoost,pData_Intersection
11891,ENSG00000187730,0.5394797081201209,cBoost,pData_Intersection
6074,ENSG00000138356,0.5204638678266112,cBoost,pData_Intersection
12352,ENSG00000197757,0.5062782367393259,cBoost,pData_Intersection
11701,ENSG00000185950,0.49684062455682815,cBoost,pData_Intersection
10222,ENSG00000172500,0.4945320438090212,cBoost,pData_Intersection
1439,ENSG00000086991,0.4846645296190884,cBoost,pData_Intersection
4238,ENSG00000122042,0.4840644757840765,cBoost,pData_Intersection
12467,ENSG00000198478,0.4602578104595357,cBoost,pData_Intersection
8192,ENSG00000160396,0.4523150420643687,cBoost,pData_Intersection
260,ENSG00000012048,0.4500812061896172,cBoost,pData_Intersection
4017,ENSG00000119681,0.44375973269924857,cBoost,pData_Intersection
363,ENSG00000023697,0.43563537630402166,cBoost,pData_Intersection
11276,ENSG00000182667,0.433818610595833,cBoost,pData_Intersection
665,ENSG00000058729,0.4273279400407592,cBoost,pData_Intersection
11010,ENSG00000179886,0.42332962717946854,cBoost,pData_Intersection
7103,ENSG00000147655,0.4174451950029103,cBoost,pData_Intersection
5302,ENSG00000132821,0.4135889775072306,cBoost,pData_Intersection
2208,ENSG00000102362,0.4013356090029019,cBoost,pData_Intersection
12002,ENSG00000188803,0.3978804140911698,cBoost,pData_Intersection
6721,ENSG00000143995,0.38937522401847163,cBoost,pData_Intersection
11753,ENSG00000186432,0.38880520770267896,cBoost,pData_Intersection
5539,ENSG00000134874,0.38853345817351326,cBoost,pData_Intersection
2728,ENSG00000106772,0.3861637715941055,cBoost,pData_Intersection
7499,ENSG00000152443,0.3847200947201147,cBoost,pData_Intersection
3244,ENSG00000112077,0.37522336963730846,cBoost,pData_Intersection
4097,ENSG00000120437,0.3649324946505358,cBoost,pData_Intersection
9822,ENSG00000170027,0.36109324529483444,cBoost,pData_Intersection
11530,ENSG00000184697,0.3537348426630457,cBoost,pData_Intersection
10327,ENSG00000173269,0.35323258152087184,cBoost,pData_Intersection
9509,ENSG00000168143,0.3520807790952926,cBoost,pData_Intersection
3009,ENSG00000109805,0.3506566732522371,cBoost,pData_Intersection
1366,ENSG00000084453,0.3433901869837628,cBoost,pData_Intersection
10507,ENSG00000174943,0.3377405434511773,cBoost,pData_Intersection
5582,ENSG00000135218,0.33740737586616004,cBoost,pData_Intersection
1618,ENSG00000091583,0.3341658562479833,cBoost,pData_Intersection
4720,ENSG00000126883,0.3317683369516421,cBoost,pData_Intersection
8423,ENSG00000162688,0.32695239108177715,cBoost,pData_Intersection
3812,ENSG00000117139,0.32285388188207026,cBoost,pData_Intersection
7404,ENSG00000151470,0.3180495694017996,cBoost,pData_Intersection
538,ENSG00000048342,0.3145660608292689,cBoost,pData_Intersection
5497,ENSG00000134516,0.3086167561925841,cBoost,pData_Intersection
1189,ENSG00000078098,0.30672403142144194,cBoost,pData_Intersection
1572,ENSG00000090447,0.2999862252239134,cBoost,pData_Intersection
1459,ENSG00000087266,0.2962043407732993,cBoost,pData_Intersection
4922,ENSG00000129484,0.29305164761160285,cBoost,pData_Intersection
4846,ENSG00000128591,0.2921470465598685,cBoost,pData_Intersection
11137,ENSG00000181192,0.2918528189783758,cBoost,pData_Intersection
4256,ENSG00000122335,0.2901944211002315,cBoost,pData_Intersection
1544,ENSG00000089685,0.282234065320762,cBoost,pData_Intersection
11091,ENSG00000180739,0.279238143387999,cBoost,pData_Intersection
2750,ENSG00000107021,0.2768453164347578,cBoost,pData_Intersection
10690,ENSG00000176635,0.27113700550651265,cBoost,pData_Intersection
7476,ENSG00000152229,0.2703169160986186,cBoost,pData_Intersection
3525,ENSG00000114796,0.26857211038685,cBoost,pData_Intersection
2396,ENSG00000104368,0.26747221354126444,cBoost,pData_Intersection
12430,ENSG00000198203,0.2617725061677022,cBoost,pData_Intersection
5574,ENSG00000135116,0.25846431573577044,cBoost,pData_Intersection
4692,ENSG00000126561,0.2540088680581234,cBoost,pData_Intersection
5154,ENSG00000131584,0.2498638419527445,cBoost,pData_Intersection
10012,ENSG00000171189,0.24573766502148872,cBoost,pData_Intersection
3462,ENSG00000114120,0.24289233725848722,cBoost,pData_Intersection
627,ENSG00000055163,0.23901272364071494,cBoost,pData_Intersection
12017,ENSG00000188959,0.2388946711067211,cBoost,pData_Intersection
12073,ENSG00000196104,0.23888445390527172,cBoost,pData_Intersection
3363,ENSG00000113088,0.23563981809139237,cBoost,pData_Intersection
7283,ENSG00000149633,0.23157945355554588,cBoost,pData_Intersection
1611,ENSG00000091428,0.2288600943526096,cBoost,pData_Intersection
2805,ENSG00000107796,0.2270535483501259,cBoost,pData_Intersection
12744,ENSG00000205213,0.21357411321892214,cBoost,pData_Intersection
12845,ENSG00000213639,0.21346514443383288,cBoost,pData_Intersection
9088,ENSG00000165887,0.20953712988561038,cBoost,pData_Intersection
5342,ENSG00000133110,0.20778289272569062,cBoost,pData_Intersection
7223,ENSG00000149091,0.2051828865101038,cBoost,pData_Intersection
11927,ENSG00000188056,0.2033866950526367,cBoost,pData_Intersection
4317,ENSG00000123095,0.2020833226352994,cBoost,pData_Intersection
10084,ENSG00000171574,0.19837156169243517,cBoost,pData_Intersection
6029,ENSG00000138069,0.19517248077058633,cBoost,pData_Intersection
9812,ENSG00000169972,0.19483641117227854,cBoost,pData_Intersection
1427,ENSG00000086544,0.1871974816930596,cBoost,pData_Intersection
8434,ENSG00000162728,0.18706351065361387,cBoost,pData_Intersection
4407,ENSG00000124140,0.1849992694753112,cBoost,pData_Intersection
10296,ENSG00000173068,0.18377737535173735,cBoost,pData_Intersection
1010,ENSG00000072609,0.18346689529369745,cBoost,pData_Intersection
4026,ENSG00000119714,0.1834652989645811,cBoost,pData_Intersection
2978,ENSG00000109445,0.18306377786175576,cBoost,pData_Intersection
3328,ENSG00000112699,0.18302155101388126,cBoost,pData_Intersection
873,ENSG00000068305,0.17898156500722873,cBoost,pData_Intersection
2149,ENSG00000101911,0.17828488489353142,cBoost,pData_Intersection
4585,ENSG00000125731,0.1730444464241163,cBoost,pData_Intersection
12095,ENSG00000196199,0.17248400601854508,cBoost,pData_Intersection
10928,ENSG00000179041,0.17215595793804758,cBoost,pData_Intersection
1695,ENSG00000095380,0.1708965937397015,cBoost,pData_Intersection
10699,ENSG00000176723,0.16765360163100645,cBoost,pData_Intersection
9934,ENSG00000170743,0.1662586519905675,cBoost,pData_Intersection
7855,ENSG00000156675,0.15989599639248292,cBoost,pData_Intersection
13107,ENSG00000254997,0.15580946001087184,cBoost,pData_Intersection
1099,ENSG00000075340,0.152744123169048,cBoost,pData_Intersection
2124,ENSG00000101670,0.14982490978286922,cBoost,pData_Intersection
11399,ENSG00000183671,0.14813713028405023,cBoost,pData_Intersection
9426,ENSG00000167733,0.1479228988739335,cBoost,pData_Intersection
11533,ENSG00000184719,0.14693248634750128,cBoost,pData_Intersection
5743,ENSG00000136158,0.1451687199683986,cBoost,pData_Intersection
9795,ENSG00000169896,0.14437035452542793,cBoost,pData_Intersection
4871,ENSG00000128833,0.1434783772190103,cBoost,pData_Intersection
9077,ENSG00000165805,0.14233279106175933,cBoost,pData_Intersection
652,ENSG00000057704,0.14145233044825958,cBoost,pData_Intersection
6370,ENSG00000140832,0.13788129774722904,cBoost,pData_Intersection
13045,ENSG00000243489,0.1360819946068916,cBoost,pData_Intersection
6374,ENSG00000140854,0.1334589284773464,cBoost,pData_Intersection
5327,ENSG00000133019,0.1303871217322709,cBoost,pData_Intersection
3087,ENSG00000110768,0.12934662728015253,cBoost,pData_Intersection
10433,ENSG00000174282,0.12305952869322512,cBoost,pData_Intersection
11423,ENSG00000183798,0.11597168997470914,cBoost,pData_Intersection
5393,ENSG00000133740,0.1119860123669282,cBoost,pData_Intersection
7152,ENSG00000148297,0.11189386303028427,cBoost,pData_Intersection
10596,ENSG00000175591,0.11131645212818923,cBoost,pData_Intersection
6943,ENSG00000146039,0.10548718822429325,cBoost,pData_Intersection
2128,ENSG00000101746,0.10344916148354344,cBoost,pData_Intersection
12666,ENSG00000204262,0.10293380676765494,cBoost,pData_Intersection
4378,ENSG00000123685,0.09864560935487575,cBoost,pData_Intersection
7118,ENSG00000147862,0.09799660352965554,cBoost,pData_Intersection
4565,ENSG00000125520,0.09612221713439266,cBoost,pData_Intersection
9070,ENSG00000165752,0.09546962235996237,cBoost,pData_Intersection
12450,ENSG00000198380,0.09514803473066978,cBoost,pData_Intersection
8601,ENSG00000163539,0.09409982871939077,cBoost,pData_Intersection
10890,ENSG00000178695,0.0907941761470229,cBoost,pData_Intersection
5911,ENSG00000137267,0.08835779567875286,cBoost,pData_Intersection
9510,ENSG00000168152,0.08656266717815174,cBoost,pData_Intersection
2368,ENSG00000104112,0.08245065335974847,cBoost,pData_Intersection
8193,ENSG00000160404,0.08078148824714414,cBoost,pData_Intersection
3394,ENSG00000113389,0.07761681738445333,cBoost,pData_Intersection
10959,ENSG00000179284,0.0746106923743048,cBoost,pData_Intersection
7246,ENSG00000149311,0.07366856416842887,cBoost,pData_Intersection
11113,ENSG00000180900,0.06915398775432524,cBoost,pData_Intersection
4421,ENSG00000124198,0.06578292583500644,cBoost,pData_Intersection
5014,ENSG00000130517,0.06149388818153154,cBoost,pData_Intersection
12113,ENSG00000196338,0.06037785146106185,cBoost,pData_Intersection
4724,ENSG00000126947,0.056765906202150995,cBoost,pData_Intersection
2398,ENSG00000104371,0.054488159845163794,cBoost,pData_Intersection
8934,ENSG00000164934,0.05448799320324173,cBoost,pData_Intersection
8335,ENSG00000162086,0.05403391425298587,cBoost,pData_Intersection
12928,ENSG00000221823,0.05392066192553825,cBoost,pData_Intersection
1896,ENSG00000100345,0.024398190937066248,cBoost,pData_Intersection
10379,ENSG00000173726,0.01896687750904224,cBoost,pData_Intersection
306,ENSG00000015592,0.009257471686750986,cBoost,pData_Intersection
